ACO_Name,summary
Palm Beach Accountable Care Organization,ACO: Palm Beach Accountable Care Organization. Period: 3. Final Share Rate: 75.00%. Final Loss Rate: 0.4. Quality Score: 89.91%.
Atlantic ACO,ACO: Atlantic ACO. Period: 3. Final Share Rate: 50.00%. Final Loss Rate: 0.3. Quality Score: 73.10%.
"Advocate Physician Partners Accountable Care, Inc.","ACO: Advocate Physician Partners Accountable Care, Inc.. Period: 3. Final Share Rate: 50.00%. Final Loss Rate: 0.3. Quality Score: 86.15%."
"West Florida ACO, LLC","ACO: West Florida ACO, LLC. Period: 3. Final Share Rate: 75.00%. Final Loss Rate: 0.4. Quality Score: 89.92%."
"Coastal Carolina Quality Care, Inc.","ACO: Coastal Carolina Quality Care, Inc.. Period: 3. Final Share Rate: 75.00%. Final Loss Rate: 0.4. Quality Score: 95.70%."
"Optimus Healthcare Partners, LLC","ACO: Optimus Healthcare Partners, LLC. Period: 3. Final Share Rate: 50.00%. Final Loss Rate: 0.3. Quality Score: 71.81%."
Ascension Care Management,ACO: Ascension Care Management. Period: 3. Final Share Rate: 75.00%. Final Loss Rate: 0.4. Quality Score: 82.90%.
Summa Accountable Care Organization,ACO: Summa Accountable Care Organization. Period: 3. Final Share Rate: 50.00%. Final Loss Rate: 0.3. Quality Score: 83.91%.
Essentia Health,ACO: Essentia Health. Period: 3. Final Share Rate: 75.00%. Final Loss Rate: 0.4. Quality Score: 88.06%.
"Allcare Options, LLC","ACO: Allcare Options, LLC. Period: 3. Final Share Rate: 50.00%. Final Loss Rate: 0.3. Quality Score: 65.76%."
"Accountable Care Coalition of Southeast Wisconsin, LLC","ACO: Accountable Care Coalition of Southeast Wisconsin, LLC. Period: 3. Final Share Rate: 50.00%. Final Loss Rate: 0.3. Quality Score: 85.93%."
Beaumont ACO,ACO: Beaumont ACO. Period: 3. Final Share Rate: 75.00%. Final Loss Rate: 0.4. Quality Score: 81.50%.
"Florida Medical Clinic ACO, LLC","ACO: Florida Medical Clinic ACO, LLC. Period: 3. Final Share Rate: 50.00%. Final Loss Rate: 0.3. Quality Score: 87.27%."
Memorial Hermann Accountable Care Organization,ACO: Memorial Hermann Accountable Care Organization. Period: 3. Final Share Rate: 50.00%. Final Loss Rate: 0.3. Quality Score: 84.84%.
Methodist Alliance for Patients and Physicians,ACO: Methodist Alliance for Patients and Physicians. Period: 3. Final Share Rate: 75.00%. Final Loss Rate: 0.4. Quality Score: 93.55%.
WESTMED Medical Group,ACO: WESTMED Medical Group. Period: 3. Final Share Rate: 75.00%. Final Loss Rate: 0.4. Quality Score: 93.41%.
"BJC HealthCare ACO, LLC","ACO: BJC HealthCare ACO, LLC. Period: 3. Final Share Rate: 75.00%. Final Loss Rate: 0.4. Quality Score: 91.93%."
"Mercy Health Select, LLC","ACO: Mercy Health Select, LLC. Period: 3. Final Share Rate: 75.00%. Final Loss Rate: 0.4. Quality Score: 80.12%."
Southern Kentucky Health Care Alliance,ACO: Southern Kentucky Health Care Alliance. Period: 3. Final Share Rate: 50.00%. Final Loss Rate: 0.3. Quality Score: 82.51%.
Cumberland Center for Healthcare Innovation,ACO: Cumberland Center for Healthcare Innovation. Period: 3. Final Share Rate: 50.00%. Final Loss Rate: 0.3. Quality Score: 93.51%.
"AnewCare Collaborative, LLC","ACO: AnewCare Collaborative, LLC. Period: 3. Final Share Rate: 50.00%. Final Loss Rate: 0.3. Quality Score: 82.68%."
Baptist Integrated Physician Partners,ACO: Baptist Integrated Physician Partners. Period: 3. Final Share Rate: 50.00%. Final Loss Rate: 0.3. Quality Score: 83.92%.
"RWJBH Accountable Care, LLC","ACO: RWJBH Accountable Care, LLC. Period: 3. Final Share Rate: 40.00%. Final Loss Rate: nan. Quality Score: 77.79%."
The Polyclinic,ACO: The Polyclinic. Period: 3. Final Share Rate: 50.00%. Final Loss Rate: 0.3. Quality Score: 86.73%.
University Hospitals Coordinated Care Organization,ACO: University Hospitals Coordinated Care Organization. Period: 3. Final Share Rate: 40.00%. Final Loss Rate: nan. Quality Score: 81.81%.
MaineHealth Accountable Care Organization,ACO: MaineHealth Accountable Care Organization. Period: 3. Final Share Rate: 40.00%. Final Loss Rate: nan. Quality Score: 86.14%.
POM ACO,ACO: POM ACO. Period: 3. Final Share Rate: 50.00%. Final Loss Rate: 0.3. Quality Score: 83.87%.
"Asian American Accountable Care Organization, LLC","ACO: Asian American Accountable Care Organization, LLC. Period: 4. Final Share Rate: 75.00%. Final Loss Rate: 0.4. Quality Score: 84.11%."
TP-ACO L.L.C.,ACO: TP-ACO L.L.C.. Period: 3. Final Share Rate: 75.00%. Final Loss Rate: 0.4. Quality Score: 91.87%.
"AHN Accountable Care Organization, LLC","ACO: AHN Accountable Care Organization, LLC. Period: 3. Final Share Rate: 50.00%. Final Loss Rate: 0.3. Quality Score: 85.76%."
CHI Health Partners,ACO: CHI Health Partners. Period: 3. Final Share Rate: 75.00%. Final Loss Rate: 0.4. Quality Score: 90.62%.
Independence Health Accountable Care Organization,ACO: Independence Health Accountable Care Organization. Period: 3. Final Share Rate: 75.00%. Final Loss Rate: 0.4582. Quality Score: 72.24%.
Lahey Clinical Performance ACO,ACO: Lahey Clinical Performance ACO. Period: 3. Final Share Rate: 40.00%. Final Loss Rate: nan. Quality Score: 76.88%.
Indiana Lakes ACO,ACO: Indiana Lakes ACO. Period: 3. Final Share Rate: 75.00%. Final Loss Rate: 0.4. Quality Score: 88.81%.
"AMITA Health Accountable Care Organization, LLC","ACO: AMITA Health Accountable Care Organization, LLC. Period: 3. Final Share Rate: 50.00%. Final Loss Rate: 0.3. Quality Score: 65.76%."
"Southcoast Accountable Care Organization, LLC","ACO: Southcoast Accountable Care Organization, LLC. Period: 3. Final Share Rate: 50.00%. Final Loss Rate: 0.3. Quality Score: 85.64%."
"Ochsner Accountable Care Network, LLC","ACO: Ochsner Accountable Care Network, LLC. Period: 3. Final Share Rate: 75.00%. Final Loss Rate: 0.4. Quality Score: 90.38%."
Orlando Health Collaborative Care,ACO: Orlando Health Collaborative Care. Period: 3. Final Share Rate: 75.00%. Final Loss Rate: 0.4143. Quality Score: 78.09%.
"ACO Health Partners, LLC","ACO: ACO Health Partners, LLC. Period: 3. Final Share Rate: 40.00%. Final Loss Rate: nan. Quality Score: 87.67%."
Keystone ACO,ACO: Keystone ACO. Period: 3. Final Share Rate: 50.00%. Final Loss Rate: 0.3. Quality Score: 77.50%.
"MCM ACCOUNTABLE CARE ORGANIZATION, LLC","ACO: MCM ACCOUNTABLE CARE ORGANIZATION, LLC. Period: 3. Final Share Rate: 75.00%. Final Loss Rate: 0.4. Quality Score: 87.60%."
"Accountable Care Coalition of Georgia, LLC.","ACO: Accountable Care Coalition of Georgia, LLC.. Period: 3. Final Share Rate: 50.00%. Final Loss Rate: 0.3. Quality Score: 78.02%."
Morehouse Choice ACO-ES,ACO: Morehouse Choice ACO-ES. Period: 3. Final Share Rate: 50.00%. Final Loss Rate: 0.3. Quality Score: 81.30%.
Billings Clinic,ACO: Billings Clinic. Period: 3. Final Share Rate: 40.00%. Final Loss Rate: nan. Quality Score: 85.59%.
HHC ACO Inc,ACO: HHC ACO Inc. Period: 3. Final Share Rate: 75.00%. Final Loss Rate: 0.4. Quality Score: 80.92%.
Rainier Health Network,ACO: Rainier Health Network. Period: 3. Final Share Rate: 50.00%. Final Loss Rate: 0.3. Quality Score: 83.45%.
"American Health Alliance, LLC","ACO: American Health Alliance, LLC. Period: 3. Final Share Rate: 75.00%. Final Loss Rate: 0.4. Quality Score: 86.58%."
The Premier HealthCare Network LLC,ACO: The Premier HealthCare Network LLC. Period: 3. Final Share Rate: 40.00%. Final Loss Rate: nan. Quality Score: 84.13%.
"HARTFORD HEALTHCARE ACCOUNTABLE CARE ORGANIZATION, INC.","ACO: HARTFORD HEALTHCARE ACCOUNTABLE CARE ORGANIZATION, INC.. Period: 3. Final Share Rate: 40.00%. Final Loss Rate: nan. Quality Score: 78.51%."
"ProHealth Physicians ACO, LLC","ACO: ProHealth Physicians ACO, LLC. Period: 3. Final Share Rate: 50.00%. Final Loss Rate: 0.3. Quality Score: 80.02%."
"Lancaster General Health Community Care Collaborative, LLC","ACO: Lancaster General Health Community Care Collaborative, LLC. Period: 3. Final Share Rate: 50.00%. Final Loss Rate: 0.3. Quality Score: 89.84%."
"Covenant ACO, Inc.","ACO: Covenant ACO, Inc.. Period: 3. Final Share Rate: 50.00%. Final Loss Rate: 0.3. Quality Score: 83.02%."
Delaware Valley ACO,ACO: Delaware Valley ACO. Period: 4. Final Share Rate: 75.00%. Final Loss Rate: 0.4. Quality Score: 84.82%.
Innovation Care Partners MSSP,ACO: Innovation Care Partners MSSP. Period: 3. Final Share Rate: 75.00%. Final Loss Rate: 0.4. Quality Score: 82.45%.
North Collaborative Care,ACO: North Collaborative Care. Period: 3. Final Share Rate: 75.00%. Final Loss Rate: 0.4109. Quality Score: 78.55%.
Midwest Health Coalition ACO,ACO: Midwest Health Coalition ACO. Period: 3. Final Share Rate: 40.00%. Final Loss Rate: nan. Quality Score: 93.13%.
"Privia Quality Network, LLC","ACO: Privia Quality Network, LLC. Period: 3. Final Share Rate: 75.00%. Final Loss Rate: 0.4. Quality Score: 83.47%."
"Renown Accountable Care, LLC","ACO: Renown Accountable Care, LLC. Period: 3. Final Share Rate: 40.00%. Final Loss Rate: nan. Quality Score: 85.05%."
"First Coast Health Alliance, LLC","ACO: First Coast Health Alliance, LLC. Period: 3. Final Share Rate: 40.00%. Final Loss Rate: nan. Quality Score: 79.35%."
Mercy Health Corporation,ACO: Mercy Health Corporation. Period: 3. Final Share Rate: 50.00%. Final Loss Rate: 0.3. Quality Score: 89.78%.
"The Accountable Care Organization, Ltd.","ACO: The Accountable Care Organization, Ltd.. Period: 3. Final Share Rate: 75.00%. Final Loss Rate: 0.4. Quality Score: 83.49%."
"Primary PartnerCare ACO Independent Practice Association, Inc.","ACO: Primary PartnerCare ACO Independent Practice Association, Inc.. Period: 3. Final Share Rate: 50.00%. Final Loss Rate: 0.3. Quality Score: 95.14%."
Live Oak Care,ACO: Live Oak Care. Period: 3. Final Share Rate: 50.00%. Final Loss Rate: 0.3. Quality Score: 82.28%.
MD Value Care,ACO: MD Value Care. Period: 3. Final Share Rate: 50.00%. Final Loss Rate: 0.3. Quality Score: 91.10%.
Buena Vida y Salud LLC,ACO: Buena Vida y Salud LLC. Period: 3. Final Share Rate: 40.00%. Final Loss Rate: nan. Quality Score: 80.62%.
"Health Choice Care, LLC","ACO: Health Choice Care, LLC. Period: 3. Final Share Rate: 50.00%. Final Loss Rate: 0.3. Quality Score: 83.77%."
"Georgia Physicians for Accountable Care, LLC","ACO: Georgia Physicians for Accountable Care, LLC. Period: 3. Final Share Rate: 50.00%. Final Loss Rate: 0.3. Quality Score: 76.26%."
Arkansas Health Network,ACO: Arkansas Health Network. Period: 3. Final Share Rate: 75.00%. Final Loss Rate: 0.4184. Quality Score: 77.54%.
CaroMont ACO,ACO: CaroMont ACO. Period: 3. Final Share Rate: 50.00%. Final Loss Rate: 0.3. Quality Score: 88.99%.
Loudoun Medical Group ACO LLC,ACO: Loudoun Medical Group ACO LLC. Period: 3. Final Share Rate: 40.00%. Final Loss Rate: nan. Quality Score: 85.23%.
"Adirondacks ACO, LLC","ACO: Adirondacks ACO, LLC. Period: 3. Final Share Rate: 40.00%. Final Loss Rate: nan. Quality Score: 80.28%."
CCA ACO LLC,ACO: CCA ACO LLC. Period: 4. Final Share Rate: 75.00%. Final Loss Rate: 0.4. Quality Score: 83.26%.
Oklahoma Health Initiatives,ACO: Oklahoma Health Initiatives. Period: 3. Final Share Rate: 40.00%. Final Loss Rate: nan. Quality Score: 74.13%.
St Vincents Accountable Care Organization LLC,ACO: St Vincents Accountable Care Organization LLC. Period: 3. Final Share Rate: 50.00%. Final Loss Rate: 0.3. Quality Score: 65.76%.
"CHA ACO, LLC","ACO: CHA ACO, LLC. Period: 3. Final Share Rate: 75.00%. Final Loss Rate: 0.4. Quality Score: 80.32%."
"Rocky Mountain Accountable Health Network, Inc","ACO: Rocky Mountain Accountable Health Network, Inc. Period: 3. Final Share Rate: 50.00%. Final Loss Rate: 0.3. Quality Score: 89.01%."
PMC ACO,ACO: PMC ACO. Period: 3. Final Share Rate: 50.00%. Final Loss Rate: 0.3. Quality Score: 77.48%.
St Joseph Health Partners ACO,ACO: St Joseph Health Partners ACO. Period: 3. Final Share Rate: 50.00%. Final Loss Rate: 0.3. Quality Score: 80.94%.
Silver State ACO LLC,ACO: Silver State ACO LLC. Period: 3. Final Share Rate: 75.00%. Final Loss Rate: 0.4. Quality Score: 83.44%.
"Augusta Care Partners, LLC","ACO: Augusta Care Partners, LLC. Period: 3. Final Share Rate: 50.00%. Final Loss Rate: 0.3. Quality Score: 93.05%."
"SSM ACO, LLC","ACO: SSM ACO, LLC. Period: 3. Final Share Rate: 75.00%. Final Loss Rate: 0.4. Quality Score: 85.38%."
"Broward Guardian, LLC","ACO: Broward Guardian, LLC. Period: 3. Final Share Rate: 75.00%. Final Loss Rate: 0.4. Quality Score: 80.12%."
Gulf Coast Health Partners,ACO: Gulf Coast Health Partners. Period: 3. Final Share Rate: 40.00%. Final Loss Rate: nan. Quality Score: 81.69%.
Bayview Physicians Group,ACO: Bayview Physicians Group. Period: 3. Final Share Rate: 50.00%. Final Loss Rate: 0.3. Quality Score: 80.67%.
Ascension Seton Accountable Care Organization,ACO: Ascension Seton Accountable Care Organization. Period: 3. Final Share Rate: 50.00%. Final Loss Rate: 0.3. Quality Score: 83.44%.
"JFK Health ACO, Hackensack Meridian ACO, HMH ACO","ACO: JFK Health ACO, Hackensack Meridian ACO, HMH ACO. Period: 3. Final Share Rate: 40.00%. Final Loss Rate: nan. Quality Score: 87.27%."
Ingalls Care Network LLC,ACO: Ingalls Care Network LLC. Period: 3. Final Share Rate: 50.00%. Final Loss Rate: 0.3. Quality Score: 75.50%.
"Health Connect Partners, LLC","ACO: Health Connect Partners, LLC. Period: 4. Final Share Rate: 75.00%. Final Loss Rate: 0.4. Quality Score: 84.91%."
Akira Health of Fresno Inc.,ACO: Akira Health of Fresno Inc.. Period: 3. Final Share Rate: 50.00%. Final Loss Rate: 0.3. Quality Score: 80.01%.
"Duke Connected Care, LLC","ACO: Duke Connected Care, LLC. Period: 3. Final Share Rate: 75.00%. Final Loss Rate: 0.4. Quality Score: 92.80%."
"Alliance for Integrated Care of New York, LLC","ACO: Alliance for Integrated Care of New York, LLC. Period: 3. Final Share Rate: 40.00%. Final Loss Rate: nan. Quality Score: 70.34%."
"CMG ACO, LLC","ACO: CMG ACO, LLC. Period: 3. Final Share Rate: 50.00%. Final Loss Rate: 0.3. Quality Score: 81.94%."
WellSpan Population Health Services,ACO: WellSpan Population Health Services. Period: 3. Final Share Rate: 75.00%. Final Loss Rate: 0.4. Quality Score: 87.48%.
Cotton-O'Neil ACO llc,ACO: Cotton-O'Neil ACO llc. Period: 3. Final Share Rate: 50.00%. Final Loss Rate: 0.3. Quality Score: 88.61%.
"Capital Health Accountable Care Organization, LLC","ACO: Capital Health Accountable Care Organization, LLC. Period: 3. Final Share Rate: 40.00%. Final Loss Rate: nan. Quality Score: 76.76%."
Signature Partners in Health LLC,ACO: Signature Partners in Health LLC. Period: 3. Final Share Rate: 40.00%. Final Loss Rate: nan. Quality Score: 87.02%.
Baylor Scott & White Quality Alliance,ACO: Baylor Scott & White Quality Alliance. Period: 4. Final Share Rate: 75.00%. Final Loss Rate: 0.4. Quality Score: 89.73%.
"North Central Arizona Accountable Care, LLC","ACO: North Central Arizona Accountable Care, LLC. Period: 3. Final Share Rate: 75.00%. Final Loss Rate: 0.4196. Quality Score: 77.39%."
"Franciscan ACO, Inc.","ACO: Franciscan ACO, Inc.. Period: 3. Final Share Rate: 75.00%. Final Loss Rate: 0.4. Quality Score: 86.10%."
"Physicians ACO, LLC","ACO: Physicians ACO, LLC. Period: 3. Final Share Rate: 75.00%. Final Loss Rate: 0.4. Quality Score: 88.56%."
Aledade A2557 DE MSSP Enhanced,ACO: Aledade A2557 DE MSSP Enhanced. Period: 3. Final Share Rate: 75.00%. Final Loss Rate: 0.4. Quality Score: 92.87%.
"Doctors ACO, LLC","ACO: Doctors ACO, LLC. Period: 3. Final Share Rate: 75.00%. Final Loss Rate: 0.4. Quality Score: 85.70%."
NewYork Quality Care,ACO: NewYork Quality Care. Period: 3. Final Share Rate: 40.00%. Final Loss Rate: nan. Quality Score: 86.81%.
"Prisma Health Upstate Network, LLC","ACO: Prisma Health Upstate Network, LLC. Period: 3. Final Share Rate: 75.00%. Final Loss Rate: 0.4. Quality Score: 84.90%."
"Springfield Clinic ACO, LLC","ACO: Springfield Clinic ACO, LLC. Period: 3. Final Share Rate: 40.00%. Final Loss Rate: nan. Quality Score: 84.67%."
"Mission Health Partners, LLC","ACO: Mission Health Partners, LLC. Period: 3. Final Share Rate: 40.00%. Final Loss Rate: nan. Quality Score: 84.24%."
"BayCare Physician Partners ACO, LLC","ACO: BayCare Physician Partners ACO, LLC. Period: 3. Final Share Rate: 75.00%. Final Loss Rate: 0.4. Quality Score: 86.60%."
"Genesys PHO, L.L.C.","ACO: Genesys PHO, L.L.C.. Period: 3. Final Share Rate: 75.00%. Final Loss Rate: 0.4. Quality Score: 80.08%."
"UMASS Memorial Accountable Care Organization, INC.","ACO: UMASS Memorial Accountable Care Organization, INC.. Period: 3. Final Share Rate: 40.00%. Final Loss Rate: nan. Quality Score: 78.10%."
Ascension Care Management,ACO: Ascension Care Management. Period: 3. Final Share Rate: 40.00%. Final Loss Rate: nan. Quality Score: 89.33%.
Ascension Care Management,ACO: Ascension Care Management. Period: 3. Final Share Rate: 50.00%. Final Loss Rate: 0.3. Quality Score: 66.78%.
"Bassett Accountable Care Partners, LLC","ACO: Bassett Accountable Care Partners, LLC. Period: 3. Final Share Rate: 40.00%. Final Loss Rate: nan. Quality Score: 80.13%."
"Mercy Health ACO, LLC","ACO: Mercy Health ACO, LLC. Period: 3. Final Share Rate: 75.00%. Final Loss Rate: 0.4. Quality Score: 86.23%."
IRCCO,ACO: IRCCO. Period: 3. Final Share Rate: 40.00%. Final Loss Rate: nan. Quality Score: 80.02%.
Northwestern Medicine Physician Network ACO,ACO: Northwestern Medicine Physician Network ACO. Period: 3. Final Share Rate: 40.00%. Final Loss Rate: nan. Quality Score: 82.59%.
"Adena Healthcare Collaborative, LLC","ACO: Adena Healthcare Collaborative, LLC. Period: 3. Final Share Rate: 40.00%. Final Loss Rate: nan. Quality Score: 65.76%."
WCHN ACO,ACO: WCHN ACO. Period: 3. Final Share Rate: 40.00%. Final Loss Rate: nan. Quality Score: 78.26%.
Akira Health of Los Angeles Inc,ACO: Akira Health of Los Angeles Inc. Period: 3. Final Share Rate: 50.00%. Final Loss Rate: 0.3. Quality Score: 81.64%.
Aledade A2643 Primary Care MSSP Enhanced,ACO: Aledade A2643 Primary Care MSSP Enhanced. Period: 3. Final Share Rate: 75.00%. Final Loss Rate: 0.4. Quality Score: 83.33%.
"Mission Health Care Network, LLC","ACO: Mission Health Care Network, LLC. Period: 3. Final Share Rate: 40.00%. Final Loss Rate: nan. Quality Score: 89.41%."
"Integrated Medical Staff of Jackson, P.C.","ACO: Integrated Medical Staff of Jackson, P.C.. Period: 3. Final Share Rate: 50.00%. Final Loss Rate: 0.3. Quality Score: 85.40%."
"BMC Integrated Care Services, Inc.","ACO: BMC Integrated Care Services, Inc.. Period: 3. Final Share Rate: 75.00%. Final Loss Rate: 0.4. Quality Score: 86.78%."
"USMM ACCOUNTABLE CARE PARTNERS, LLC","ACO: USMM ACCOUNTABLE CARE PARTNERS, LLC. Period: 3. Final Share Rate: 75.00%. Final Loss Rate: 0.5068. Quality Score: 65.76%."
"Coastal Plains Network, LLC","ACO: Coastal Plains Network, LLC. Period: 3. Final Share Rate: 40.00%. Final Loss Rate: nan. Quality Score: 82.94%."
"Northeast Medical Group ACO, LLC","ACO: Northeast Medical Group ACO, LLC. Period: 3. Final Share Rate: 40.00%. Final Loss Rate: nan. Quality Score: 81.72%."
"Richmond Quality, LLC","ACO: Richmond Quality, LLC. Period: 3. Final Share Rate: 40.00%. Final Loss Rate: nan. Quality Score: 83.28%."
"PQN - Central Texas, LLC","ACO: PQN - Central Texas, LLC. Period: 3. Final Share Rate: 50.00%. Final Loss Rate: 0.3. Quality Score: 89.79%."
Baylor St. Luke's Health Network ACO,ACO: Baylor St. Luke's Health Network ACO. Period: 3. Final Share Rate: 50.00%. Final Loss Rate: 0.3. Quality Score: 81.65%.
"Cleveland Clinic Medicare ACO, LLC","ACO: Cleveland Clinic Medicare ACO, LLC. Period: 3. Final Share Rate: 75.00%. Final Loss Rate: 0.4. Quality Score: 86.80%."
"Lehigh Valley Health Network Accountable Care Organization, LLC","ACO: Lehigh Valley Health Network Accountable Care Organization, LLC. Period: 3. Final Share Rate: 50.00%. Final Loss Rate: 0.3. Quality Score: 85.76%."
UM ACO,ACO: UM ACO. Period: 2. Final Share Rate: 40.00%. Final Loss Rate: nan. Quality Score: 81.03%.
LHP Accountable Care,ACO: LHP Accountable Care. Period: 2. Final Share Rate: 40.00%. Final Loss Rate: nan. Quality Score: 77.78%.
Citrus ACO,ACO: Citrus ACO. Period: 2. Final Share Rate: 75.00%. Final Loss Rate: 0.4. Quality Score: 89.57%.
"Think ACO, LLC","ACO: Think ACO, LLC. Period: 2. Final Share Rate: 75.00%. Final Loss Rate: 0.4. Quality Score: 93.89%."
"Physician Quality Partners, LLC","ACO: Physician Quality Partners, LLC. Period: 2. Final Share Rate: 50.00%. Final Loss Rate: 0.3. Quality Score: 96.30%."
"HSHS ACO, L.L.C.","ACO: HSHS ACO, L.L.C.. Period: 2. Final Share Rate: 40.00%. Final Loss Rate: nan. Quality Score: 85.18%."
Central Florida ACO,ACO: Central Florida ACO. Period: 2. Final Share Rate: 50.00%. Final Loss Rate: 0.3. Quality Score: 82.57%.
Space Coast ACO,ACO: Space Coast ACO. Period: 2. Final Share Rate: 50.00%. Final Loss Rate: 0.3. Quality Score: 81.00%.
Aledade A2809 Tri-State MSSP Enhanced,ACO: Aledade A2809 Tri-State MSSP Enhanced. Period: 2. Final Share Rate: 75.00%. Final Loss Rate: 0.4. Quality Score: 90.20%.
Abacus Health LLC,ACO: Abacus Health LLC. Period: 2. Final Share Rate: 50.00%. Final Loss Rate: 0.3. Quality Score: 84.26%.
"Community Care Partnership of Maine, LLC","ACO: Community Care Partnership of Maine, LLC. Period: 2. Final Share Rate: 40.00%. Final Loss Rate: nan. Quality Score: 86.89%."
"IHC Quality Partners, LLC","ACO: IHC Quality Partners, LLC. Period: 2. Final Share Rate: 50.00%. Final Loss Rate: 0.3. Quality Score: 92.96%."
Next ACO of Nature Coast,ACO: Next ACO of Nature Coast. Period: 2. Final Share Rate: 75.00%. Final Loss Rate: 0.4. Quality Score: 89.88%.
"Prisma Health Midlands Network, LLC","ACO: Prisma Health Midlands Network, LLC. Period: 2. Final Share Rate: 40.00%. Final Loss Rate: nan. Quality Score: 90.60%."
"Central Minnesota ACO, LLC","ACO: Central Minnesota ACO, LLC. Period: 2. Final Share Rate: 50.00%. Final Loss Rate: 0.3. Quality Score: 89.00%."
Hattiesburg Clinic ACO,ACO: Hattiesburg Clinic ACO. Period: 2. Final Share Rate: 50.00%. Final Loss Rate: 0.3. Quality Score: 90.99%.
Aledade A2909 FL MSSP Enhanced,ACO: Aledade A2909 FL MSSP Enhanced. Period: 3. Final Share Rate: 75.00%. Final Loss Rate: 0.4. Quality Score: 89.01%.
Aledade A2916 KS MSSP Enhanced,ACO: Aledade A2916 KS MSSP Enhanced. Period: 2. Final Share Rate: 75.00%. Final Loss Rate: 0.4. Quality Score: 94.55%.
Aledade A2918 LA MSSP Enhanced,ACO: Aledade A2918 LA MSSP Enhanced. Period: 2. Final Share Rate: 75.00%. Final Loss Rate: 0.4. Quality Score: 90.61%.
Aledade A2920 WV MSSP Enhanced,ACO: Aledade A2920 WV MSSP Enhanced. Period: 2. Final Share Rate: 75.00%. Final Loss Rate: 0.4. Quality Score: 85.23%.
"Alliance ACO, LLC","ACO: Alliance ACO, LLC. Period: 2. Final Share Rate: 40.00%. Final Loss Rate: nan. Quality Score: 75.76%."
LTC ACO,ACO: LTC ACO. Period: 2. Final Share Rate: 75.00%. Final Loss Rate: 0.4727. Quality Score: 70.31%.
"Baptist Health Care Partners, LLC","ACO: Baptist Health Care Partners, LLC. Period: 2. Final Share Rate: 40.00%. Final Loss Rate: nan. Quality Score: 89.60%."
"Life Health Services, LLC","ACO: Life Health Services, LLC. Period: 2. Final Share Rate: 40.00%. Final Loss Rate: nan. Quality Score: 81.68%."
"ProMedica Health Network, Inc.","ACO: ProMedica Health Network, Inc.. Period: 2. Final Share Rate: 50.00%. Final Loss Rate: 0.3. Quality Score: 84.88%."
CHRISTUS Health Quality Care Alliance,ACO: CHRISTUS Health Quality Care Alliance. Period: 3. Final Share Rate: 75.00%. Final Loss Rate: 0.4. Quality Score: 86.43%.
Northwell Health ACO,ACO: Northwell Health ACO. Period: 2. Final Share Rate: 40.00%. Final Loss Rate: nan. Quality Score: 74.92%.
Aledade A3047 MS MSSP Enhanced,ACO: Aledade A3047 MS MSSP Enhanced. Period: 2. Final Share Rate: 75.00%. Final Loss Rate: 0.4. Quality Score: 88.67%.
eBrightHealth ACO,ACO: eBrightHealth ACO. Period: 2. Final Share Rate: 50.00%. Final Loss Rate: 0.3. Quality Score: 88.42%.
Avant MSO,ACO: Avant MSO. Period: 2. Final Share Rate: 50.00%. Final Loss Rate: 0.3. Quality Score: 81.19%.
"Beacon Rural Health, LLC","ACO: Beacon Rural Health, LLC. Period: 2. Final Share Rate: 75.00%. Final Loss Rate: 0.4. Quality Score: 91.69%."
Cayuga Health Partners,ACO: Cayuga Health Partners. Period: 2. Final Share Rate: 40.00%. Final Loss Rate: nan. Quality Score: 84.70%.
Aurora Accountable Care Organization LLC,ACO: Aurora Accountable Care Organization LLC. Period: 2. Final Share Rate: 75.00%. Final Loss Rate: 0.4. Quality Score: 90.76%.
Banner Health Network,ACO: Banner Health Network. Period: 2. Final Share Rate: 75.00%. Final Loss Rate: 0.4. Quality Score: 86.95%.
MACIPA,ACO: MACIPA. Period: 2. Final Share Rate: 50.00%. Final Loss Rate: 0.3. Quality Score: 85.21%.
Privia Quality Network of Georgia,ACO: Privia Quality Network of Georgia. Period: 3. Final Share Rate: 75.00%. Final Loss Rate: 0.4. Quality Score: 91.97%.
TXCIN ACO,ACO: TXCIN ACO. Period: 2. Final Share Rate: 50.00%. Final Loss Rate: 0.3. Quality Score: 77.55%.
Piedmont Clinic ACO LLC,ACO: Piedmont Clinic ACO LLC. Period: 2. Final Share Rate: 40.00%. Final Loss Rate: nan. Quality Score: 79.79%.
Empire ACO LLC,ACO: Empire ACO LLC. Period: 2. Final Share Rate: 40.00%. Final Loss Rate: nan. Quality Score: 80.64%.
"Netrin Primary Care ACO, LLC","ACO: Netrin Primary Care ACO, LLC. Period: 2. Final Share Rate: 40.00%. Final Loss Rate: nan. Quality Score: 86.12%."
"Nebraska Health Network, LLC","ACO: Nebraska Health Network, LLC. Period: 2. Final Share Rate: 50.00%. Final Loss Rate: 0.3. Quality Score: 89.66%."
"Prime Care Managers, LLC","ACO: Prime Care Managers, LLC. Period: 2. Final Share Rate: 50.00%. Final Loss Rate: 0.3. Quality Score: 81.77%."
Healthcare Solutions Network,ACO: Healthcare Solutions Network. Period: 2. Final Share Rate: 40.00%. Final Loss Rate: nan. Quality Score: 80.77%.
NPG Health Collaborative LLC,ACO: NPG Health Collaborative LLC. Period: 2. Final Share Rate: 40.00%. Final Loss Rate: nan. Quality Score: 87.27%.
OSF Healthcare System,ACO: OSF Healthcare System. Period: 2. Final Share Rate: 75.00%. Final Loss Rate: 0.4. Quality Score: 83.91%.
Aledade A3299 CA MSSP Enhanced,ACO: Aledade A3299 CA MSSP Enhanced. Period: 3. Final Share Rate: 75.00%. Final Loss Rate: 0.4049. Quality Score: 79.34%.
Aledade 12 WV CHC MSSP Enhanced,ACO: Aledade 12 WV CHC MSSP Enhanced. Period: 3. Final Share Rate: 75.00%. Final Loss Rate: 0.4333. Quality Score: 75.56%.
"McLaren High Performance Network, LLC","ACO: McLaren High Performance Network, LLC. Period: 2. Final Share Rate: 50.00%. Final Loss Rate: 0.3. Quality Score: 82.31%."
Community Care Collaborative of Pennsylvania and New Jersey LLC,ACO: Community Care Collaborative of Pennsylvania and New Jersey LLC. Period: 3. Final Share Rate: 75.00%. Final Loss Rate: 0.4. Quality Score: 85.07%.
"Mid-Atlantic Collaborative Care, LLC","ACO: Mid-Atlantic Collaborative Care, LLC. Period: 2. Final Share Rate: 50.00%. Final Loss Rate: 0.3. Quality Score: 85.78%."
Texas Panhandle Clinical Partners ACO LLC,ACO: Texas Panhandle Clinical Partners ACO LLC. Period: 2. Final Share Rate: 40.00%. Final Loss Rate: nan. Quality Score: 91.19%.
Hampton Roads Good Help ACO,ACO: Hampton Roads Good Help ACO. Period: 2. Final Share Rate: 50.00%. Final Loss Rate: 0.3. Quality Score: 92.18%.
Southeastern Health Partners,ACO: Southeastern Health Partners. Period: 2. Final Share Rate: 40.00%. Final Loss Rate: nan. Quality Score: 92.17%.
Mount Sinai Care,ACO: Mount Sinai Care. Period: 2. Final Share Rate: 50.00%. Final Loss Rate: 0.3. Quality Score: 79.59%.
"Lifespan Health Alliance, LLC","ACO: Lifespan Health Alliance, LLC. Period: 2. Final Share Rate: 75.00%. Final Loss Rate: 0.4. Quality Score: 89.93%."
"UOP ACO, LLC","ACO: UOP ACO, LLC. Period: 2. Final Share Rate: 40.00%. Final Loss Rate: nan. Quality Score: 78.34%."
"TC2, LLC","ACO: TC2, LLC. Period: 2. Final Share Rate: 50.00%. Final Loss Rate: 0.3. Quality Score: 86.76%."
South Texas ACO Clinical Partners LLC,ACO: South Texas ACO Clinical Partners LLC. Period: 2. Final Share Rate: 75.00%. Final Loss Rate: 0.4. Quality Score: 87.24%.
AllCare Health Alliance,ACO: AllCare Health Alliance. Period: 2. Final Share Rate: 40.00%. Final Loss Rate: nan. Quality Score: 80.96%.
"Pacific Accountable Care, LLC","ACO: Pacific Accountable Care, LLC. Period: 2. Final Share Rate: 40.00%. Final Loss Rate: nan. Quality Score: 69.01%."
MercyOne ACO III,ACO: MercyOne ACO III. Period: 2. Final Share Rate: 75.00%. Final Loss Rate: 0.4. Quality Score: 84.59%.
"CHESS Value, LLC","ACO: CHESS Value, LLC. Period: 2. Final Share Rate: 40.00%. Final Loss Rate: nan. Quality Score: 83.24%."
Trinity Health Integrated Care,ACO: Trinity Health Integrated Care. Period: 2. Final Share Rate: 75.00%. Final Loss Rate: 0.4. Quality Score: 88.63%.
Aledade 15 PA MSSP Enhanced,ACO: Aledade 15 PA MSSP Enhanced. Period: 2. Final Share Rate: 75.00%. Final Loss Rate: 0.4. Quality Score: 86.11%.
Aledade 16 AR MI UT MSSP Enhanced,ACO: Aledade 16 AR MI UT MSSP Enhanced. Period: 2. Final Share Rate: 75.00%. Final Loss Rate: 0.4. Quality Score: 89.71%.
"LPCACO, LLC","ACO: LPCACO, LLC. Period: 3. Final Share Rate: 75.00%. Final Loss Rate: 0.4155. Quality Score: 77.94%."
Houston Methodist Coordinated Care,ACO: Houston Methodist Coordinated Care. Period: 2. Final Share Rate: 75.00%. Final Loss Rate: 0.4. Quality Score: 93.89%.
"Rochester Regional Health ACO, Inc.","ACO: Rochester Regional Health ACO, Inc.. Period: 2. Final Share Rate: 40.00%. Final Loss Rate: nan. Quality Score: 70.62%."
Community Health Provider Alliance,ACO: Community Health Provider Alliance. Period: 2. Final Share Rate: 50.00%. Final Loss Rate: 0.3. Quality Score: 74.37%.
"Novant Health Accountable Care Organization I, LLC","ACO: Novant Health Accountable Care Organization I, LLC. Period: 2. Final Share Rate: 50.00%. Final Loss Rate: 0.3. Quality Score: 88.21%."
"UVA Community Health Accountable Care Organization, LLC","ACO: UVA Community Health Accountable Care Organization, LLC. Period: 2. Final Share Rate: 50.00%. Final Loss Rate: 0.3. Quality Score: 75.31%."
"OneHealth Nebraska ACO, LLC","ACO: OneHealth Nebraska ACO, LLC. Period: 2. Final Share Rate: 50.00%. Final Loss Rate: 0.3. Quality Score: 91.57%."
"Scripps Accountable Care Organization, LLC","ACO: Scripps Accountable Care Organization, LLC. Period: 2. Final Share Rate: 75.00%. Final Loss Rate: 0.4. Quality Score: 87.13%."
"Kansas Clinical Improvement Collaborative, LLC","ACO: Kansas Clinical Improvement Collaborative, LLC. Period: 2. Final Share Rate: 40.00%. Final Loss Rate: nan. Quality Score: 65.76%."
"UCMCNACO, LLC","ACO: UCMCNACO, LLC. Period: 2. Final Share Rate: 40.00%. Final Loss Rate: nan. Quality Score: 75.44%."
Orange Accountable Care Organization of South Florida LLC,ACO: Orange Accountable Care Organization of South Florida LLC. Period: 2. Final Share Rate: 75.00%. Final Loss Rate: 0.4. Quality Score: 82.43%.
Physician Partners of Western PA LLC,ACO: Physician Partners of Western PA LLC. Period: 2. Final Share Rate: 40.00%. Final Loss Rate: nan. Quality Score: 85.08%.
"Community Health Center Network Of Idaho, LLC","ACO: Community Health Center Network Of Idaho, LLC. Period: 2. Final Share Rate: 40.00%. Final Loss Rate: nan. Quality Score: 78.45%."
"Inspire Health Partners, LLC","ACO: Inspire Health Partners, LLC. Period: 2. Final Share Rate: 40.00%. Final Loss Rate: nan. Quality Score: 81.14%."
St. Luke's Medicare ACO,ACO: St. Luke's Medicare ACO. Period: 2. Final Share Rate: 40.00%. Final Loss Rate: nan. Quality Score: 80.57%.
ACO West Virginia,ACO: ACO West Virginia. Period: 2. Final Share Rate: 40.00%. Final Loss Rate: nan. Quality Score: 78.47%.
Myriad Health Alliance,ACO: Myriad Health Alliance. Period: 2. Final Share Rate: 50.00%. Final Loss Rate: 0.3. Quality Score: 83.08%.
Prairie Vista Care Organization,ACO: Prairie Vista Care Organization. Period: 2. Final Share Rate: 40.00%. Final Loss Rate: nan. Quality Score: 84.80%.
Huntsville ACO,ACO: Huntsville ACO. Period: 2. Final Share Rate: 40.00%. Final Loss Rate: nan. Quality Score: 76.97%.
Cleveland Clinic Florida Integrated Health,ACO: Cleveland Clinic Florida Integrated Health. Period: 2. Final Share Rate: 40.00%. Final Loss Rate: nan. Quality Score: 75.76%.
"ColigoCare, LLC","ACO: ColigoCare, LLC. Period: 2. Final Share Rate: 40.00%. Final Loss Rate: nan. Quality Score: 93.57%."
"Genovista Health, LLC","ACO: Genovista Health, LLC. Period: 2. Final Share Rate: 50.00%. Final Loss Rate: 0.3. Quality Score: 84.84%."
"Pacific Private Practice Network, Inc","ACO: Pacific Private Practice Network, Inc. Period: 2. Final Share Rate: 40.00%. Final Loss Rate: nan. Quality Score: 84.34%."
CVACC,ACO: CVACC. Period: 2. Final Share Rate: 40.00%. Final Loss Rate: nan. Quality Score: 86.45%.
UPQC,ACO: UPQC. Period: 2. Final Share Rate: 50.00%. Final Loss Rate: 0.3. Quality Score: 86.66%.
"Boulder Valley Care Network, LLC","ACO: Boulder Valley Care Network, LLC. Period: 2. Final Share Rate: 75.00%. Final Loss Rate: 0.4. Quality Score: 92.73%."
"Kootenai Accountable Care, LLC","ACO: Kootenai Accountable Care, LLC. Period: 2. Final Share Rate: 40.00%. Final Loss Rate: nan. Quality Score: 87.84%."
"St. Luke's ACO, LLC","ACO: St. Luke's ACO, LLC. Period: 2. Final Share Rate: 40.00%. Final Loss Rate: nan. Quality Score: 84.14%."
Aledade 22 National MSSP,ACO: Aledade 22 National MSSP. Period: 2. Final Share Rate: 50.00%. Final Loss Rate: 0.3. Quality Score: 80.84%.
"MultiCare Connected Care, LLC","ACO: MultiCare Connected Care, LLC. Period: 2. Final Share Rate: 75.00%. Final Loss Rate: 0.4. Quality Score: 86.51%."
"Community Healthcare Partners ACO, Inc.","ACO: Community Healthcare Partners ACO, Inc.. Period: 2. Final Share Rate: 75.00%. Final Loss Rate: 0.4. Quality Score: 88.23%."
Baptist Health/UAMS Accountable Care Alliance,ACO: Baptist Health/UAMS Accountable Care Alliance. Period: 2. Final Share Rate: 75.00%. Final Loss Rate: 0.4. Quality Score: 83.87%.
Lifecare ACO LLC,ACO: Lifecare ACO LLC. Period: 2. Final Share Rate: 40.00%. Final Loss Rate: nan. Quality Score: 79.27%.
"CHSPSC ACO 2, LLC","ACO: CHSPSC ACO 2, LLC. Period: 2. Final Share Rate: 40.00%. Final Loss Rate: nan. Quality Score: 74.05%."
GW Health Network,ACO: GW Health Network. Period: 3. Final Share Rate: 75.00%. Final Loss Rate: 0.4. Quality Score: 80.93%.
"DOCACO GULF COAST, LLC","ACO: DOCACO GULF COAST, LLC. Period: 2. Final Share Rate: 75.00%. Final Loss Rate: 0.4. Quality Score: 81.85%."
"Einstein Care Partners, LLC","ACO: Einstein Care Partners, LLC. Period: 3. Final Share Rate: 50.00%. Final Loss Rate: 0.3. Quality Score: 80.24%."
"Carolinas HealthCare System ACO, LLC","ACO: Carolinas HealthCare System ACO, LLC. Period: 2. Final Share Rate: 40.00%. Final Loss Rate: nan. Quality Score: 84.22%."
"McLeod Healthcare Network, LLC","ACO: McLeod Healthcare Network, LLC. Period: 2. Final Share Rate: 50.00%. Final Loss Rate: 0.3. Quality Score: 79.11%."
"CHSPSC ACO 15, LLC","ACO: CHSPSC ACO 15, LLC. Period: 2. Final Share Rate: 75.00%. Final Loss Rate: 0.4. Quality Score: 87.89%."
"CHSPSC ACO 17, LLC","ACO: CHSPSC ACO 17, LLC. Period: 2. Final Share Rate: 40.00%. Final Loss Rate: nan. Quality Score: 81.70%."
Crestwood Regional Healthcare Alliance,ACO: Crestwood Regional Healthcare Alliance. Period: 2. Final Share Rate: 40.00%. Final Loss Rate: nan. Quality Score: 89.27%.
"CHSPSC ACO 21, LLC","ACO: CHSPSC ACO 21, LLC. Period: 2. Final Share Rate: 40.00%. Final Loss Rate: nan. Quality Score: 74.95%."
"NorthShore Physician Associates Value Based Care, LLC","ACO: NorthShore Physician Associates Value Based Care, LLC. Period: 2. Final Share Rate: 40.00%. Final Loss Rate: nan. Quality Score: 80.79%."
"CHSPSC ACO 6, LLC","ACO: CHSPSC ACO 6, LLC. Period: 2. Final Share Rate: 40.00%. Final Loss Rate: nan. Quality Score: 72.76%."
"CHSPSC ACO 7, LLC","ACO: CHSPSC ACO 7, LLC. Period: 2. Final Share Rate: 40.00%. Final Loss Rate: nan. Quality Score: 81.55%."
"CHSPSC ACO 8, LLC","ACO: CHSPSC ACO 8, LLC. Period: 2. Final Share Rate: 40.00%. Final Loss Rate: nan. Quality Score: 78.56%."
"The Ohio State Health ACO, LLC","ACO: The Ohio State Health ACO, LLC. Period: 2. Final Share Rate: 40.00%. Final Loss Rate: nan. Quality Score: 76.59%."
Aledade HealthChoice MSSP Enhanced,ACO: Aledade HealthChoice MSSP Enhanced. Period: 2. Final Share Rate: 50.00%. Final Loss Rate: 0.3. Quality Score: 80.93%.
"CHSPSC ACO 12, LLC","ACO: CHSPSC ACO 12, LLC. Period: 2. Final Share Rate: 40.00%. Final Loss Rate: nan. Quality Score: 75.60%."
"CHSPSC ACO 13, LLC","ACO: CHSPSC ACO 13, LLC. Period: 2. Final Share Rate: 40.00%. Final Loss Rate: nan. Quality Score: 80.70%."
"CHSPSC ACO 14, LLC","ACO: CHSPSC ACO 14, LLC. Period: 2. Final Share Rate: 40.00%. Final Loss Rate: nan. Quality Score: 77.66%."
"Heritage Valley Healthcare Network ACO, LLC","ACO: Heritage Valley Healthcare Network ACO, LLC. Period: 2. Final Share Rate: 75.00%. Final Loss Rate: 0.4. Quality Score: 86.28%."
Cascadia Care Network LLC,ACO: Cascadia Care Network LLC. Period: 2. Final Share Rate: 40.00%. Final Loss Rate: nan. Quality Score: 74.10%.
"Alabama Physician Network, LLC","ACO: Alabama Physician Network, LLC. Period: 2. Final Share Rate: 40.00%. Final Loss Rate: nan. Quality Score: 74.02%."
Centrus Health of Kansas City LLC,ACO: Centrus Health of Kansas City LLC. Period: 2. Final Share Rate: 50.00%. Final Loss Rate: 0.3. Quality Score: 82.51%.
AdventHealth ACO,ACO: AdventHealth ACO. Period: 2. Final Share Rate: 40.00%. Final Loss Rate: nan. Quality Score: 77.03%.
"Riverside Health Source, LLC","ACO: Riverside Health Source, LLC. Period: 2. Final Share Rate: 40.00%. Final Loss Rate: nan. Quality Score: 90.65%."
"Select Physicians Associates, LLC","ACO: Select Physicians Associates, LLC. Period: 3. Final Share Rate: 75.00%. Final Loss Rate: 0.4. Quality Score: 81.42%."
"Family Choice ACO, LLC","ACO: Family Choice ACO, LLC. Period: 2. Final Share Rate: 75.00%. Final Loss Rate: 0.5068. Quality Score: 65.76%."
"Privia Quality Network Gulf Coast II, LLC","ACO: Privia Quality Network Gulf Coast II, LLC. Period: 2. Final Share Rate: 75.00%. Final Loss Rate: 0.4. Quality Score: 90.99%."
"University Health ACO, LLC","ACO: University Health ACO, LLC. Period: 2. Final Share Rate: 40.00%. Final Loss Rate: nan. Quality Score: 85.29%."
"NCH ACO, LLC","ACO: NCH ACO, LLC. Period: 2. Final Share Rate: 40.00%. Final Loss Rate: nan. Quality Score: 85.24%."
UC Irvine Health Accountable Care Organization,ACO: UC Irvine Health Accountable Care Organization. Period: 2. Final Share Rate: 40.00%. Final Loss Rate: nan. Quality Score: 82.40%.
OhioHealth Medicare ACO,ACO: OhioHealth Medicare ACO. Period: 2. Final Share Rate: 40.00%. Final Loss Rate: nan. Quality Score: 74.45%.
"Connected Care of West Tennessee, LLC","ACO: Connected Care of West Tennessee, LLC. Period: 2. Final Share Rate: 50.00%. Final Loss Rate: 0.3. Quality Score: 84.40%."
"Steward National Care Network, Inc.","ACO: Steward National Care Network, Inc.. Period: 2. Final Share Rate: 75.00%. Final Loss Rate: 0.5068. Quality Score: 65.76%."
"Connected Care of East Tennessee, LLC","ACO: Connected Care of East Tennessee, LLC. Period: 2. Final Share Rate: 40.00%. Final Loss Rate: nan. Quality Score: 85.20%."
"Connected Care of Middle Tennessee, LLC","ACO: Connected Care of Middle Tennessee, LLC. Period: 2. Final Share Rate: 50.00%. Final Loss Rate: 0.3. Quality Score: 85.65%."
"Baptist Physician Partners ACO, LLC","ACO: Baptist Physician Partners ACO, LLC. Period: 2. Final Share Rate: 40.00%. Final Loss Rate: nan. Quality Score: 77.62%."
"Adventist Health Accountable Care, LLC","ACO: Adventist Health Accountable Care, LLC. Period: 2. Final Share Rate: 40.00%. Final Loss Rate: nan. Quality Score: 84.24%."
Aledade 25 NJ MSSP Enhanced,ACO: Aledade 25 NJ MSSP Enhanced. Period: 3. Final Share Rate: 75.00%. Final Loss Rate: 0.4. Quality Score: 81.53%.
Aledade 37 VA MSSP Enhanced,ACO: Aledade 37 VA MSSP Enhanced. Period: 2. Final Share Rate: 75.00%. Final Loss Rate: 0.4. Quality Score: 81.12%.
Aledade 35 Lagniappe MSSP Enhanced,ACO: Aledade 35 Lagniappe MSSP Enhanced. Period: 3. Final Share Rate: 75.00%. Final Loss Rate: 0.4. Quality Score: 81.80%.
MercyOne ACO IV,ACO: MercyOne ACO IV. Period: 2. Final Share Rate: 40.00%. Final Loss Rate: nan. Quality Score: 79.55%.
Bridges Health Partners Accountable Care Organization,ACO: Bridges Health Partners Accountable Care Organization. Period: 2. Final Share Rate: 50.00%. Final Loss Rate: 0.3. Quality Score: 86.60%.
Valley Medical Group-Renton,ACO: Valley Medical Group-Renton. Period: 3. Final Share Rate: 75.00%. Final Loss Rate: 0.4. Quality Score: 86.94%.
"Western Accountable Care Organization, LLC","ACO: Western Accountable Care Organization, LLC. Period: 2. Final Share Rate: 40.00%. Final Loss Rate: nan. Quality Score: 72.43%."
CAMC Health Network LLC,ACO: CAMC Health Network LLC. Period: 1. Final Share Rate: 40.00%. Final Loss Rate: nan. Quality Score: 66.97%.
"AtlantiCare Health Solutions, Inc.","ACO: AtlantiCare Health Solutions, Inc.. Period: 2. Final Share Rate: 50.00%. Final Loss Rate: 0.3. Quality Score: 76.61%."
Stratum Med ACO,ACO: Stratum Med ACO. Period: 2. Final Share Rate: 75.00%. Final Loss Rate: 0.4. Quality Score: 85.76%.
Aledade 45 CA CHC MSSP Enhanced,ACO: Aledade 45 CA CHC MSSP Enhanced. Period: 2. Final Share Rate: 50.00%. Final Loss Rate: 0.3. Quality Score: 77.63%.
Aledade 38 KS CHC MSSP Enhanced,ACO: Aledade 38 KS CHC MSSP Enhanced. Period: 3. Final Share Rate: 75.00%. Final Loss Rate: 0.4. Quality Score: 90.60%.
Aledade A4548 NC Legacy MSSP Enhanced,ACO: Aledade A4548 NC Legacy MSSP Enhanced. Period: 2. Final Share Rate: 75.00%. Final Loss Rate: 0.4. Quality Score: 87.47%.
SolutionHealth ACO LLC,ACO: SolutionHealth ACO LLC. Period: 3. Final Share Rate: 50.00%. Final Loss Rate: 0.3. Quality Score: 83.56%.
"Emergent ACO, LLC","ACO: Emergent ACO, LLC. Period: 1. Final Share Rate: 50.00%. Final Loss Rate: 0.3. Quality Score: 90.85%."
Beth Israel Deaconess Care Organization,ACO: Beth Israel Deaconess Care Organization. Period: 1. Final Share Rate: 75.00%. Final Loss Rate: 0.5068. Quality Score: 65.76%.
LHS Health Network LLC,ACO: LHS Health Network LLC. Period: 2. Final Share Rate: 50.00%. Final Loss Rate: 0.3. Quality Score: 80.53%.
"Saint Francis Health Plans, LLC","ACO: Saint Francis Health Plans, LLC. Period: 1. Final Share Rate: 40.00%. Final Loss Rate: nan. Quality Score: 85.03%."
"Bryan Health Connect ACO, LLC","ACO: Bryan Health Connect ACO, LLC. Period: 1. Final Share Rate: 50.00%. Final Loss Rate: 0.3. Quality Score: 84.79%."
"Integra Community Care Network, LLC.","ACO: Integra Community Care Network, LLC.. Period: 1. Final Share Rate: 75.00%. Final Loss Rate: 0.4. Quality Score: 81.52%."
SOMOS ACO,ACO: SOMOS ACO. Period: 1. Final Share Rate: 50.00%. Final Loss Rate: 0.3. Quality Score: 77.64%.
"Texoma Clinical Partners ACO, LLC","ACO: Texoma Clinical Partners ACO, LLC. Period: 2. Final Share Rate: 75.00%. Final Loss Rate: 0.4. Quality Score: 89.73%."
"McAuley Health Partners ACO, LLC","ACO: McAuley Health Partners ACO, LLC. Period: 3. Final Share Rate: 75.00%. Final Loss Rate: 0.4. Quality Score: 85.93%."
Vytalize Health ACO,ACO: Vytalize Health ACO. Period: 1. Final Share Rate: 50.00%. Final Loss Rate: 0.3. Quality Score: 74.15%.
Achiever Health Care Consultation and Management LLC,ACO: Achiever Health Care Consultation and Management LLC. Period: 2. Final Share Rate: 50.00%. Final Loss Rate: 0.3. Quality Score: 76.20%.
Caravan Collaborative Pathways,ACO: Caravan Collaborative Pathways. Period: 2. Final Share Rate: 75.00%. Final Loss Rate: 0.4. Quality Score: 82.76%.
NH-Cares ACO LLC,ACO: NH-Cares ACO LLC. Period: 3. Final Share Rate: 40.00%. Final Loss Rate: nan. Quality Score: 78.07%.
QCIPN,ACO: QCIPN. Period: 1. Final Share Rate: 40.00%. Final Loss Rate: nan. Quality Score: 84.29%.
"Mayo Clinic Community ACO, LLC","ACO: Mayo Clinic Community ACO, LLC. Period: 2. Final Share Rate: 75.00%. Final Loss Rate: 0.4. Quality Score: 92.90%."
Virginia Care Partners ACO,ACO: Virginia Care Partners ACO. Period: 1. Final Share Rate: 50.00%. Final Loss Rate: 0.3. Quality Score: 76.98%.
Health Plus Network,ACO: Health Plus Network. Period: 1. Final Share Rate: 40.00%. Final Loss Rate: nan. Quality Score: 80.63%.
"West Michigan Accountable Care Organization, LLC","ACO: West Michigan Accountable Care Organization, LLC. Period: 1. Final Share Rate: 50.00%. Final Loss Rate: 0.3. Quality Score: 87.54%."
"Eminence Health Care, LLC","ACO: Eminence Health Care, LLC. Period: 3. Final Share Rate: 50.00%. Final Loss Rate: 0.3. Quality Score: 79.82%."
SoNE Health ACO LLC,ACO: SoNE Health ACO LLC. Period: 3. Final Share Rate: 75.00%. Final Loss Rate: 0.4. Quality Score: 80.20%.
CHI Saint Joseph Health Partners,ACO: CHI Saint Joseph Health Partners. Period: 2. Final Share Rate: 75.00%. Final Loss Rate: 0.4. Quality Score: 81.60%.
"Mass General Brigham ACO, LLC","ACO: Mass General Brigham ACO, LLC. Period: 1. Final Share Rate: 75.00%. Final Loss Rate: 0.4. Quality Score: 86.00%."
"Mercycare Accountable Care Organization, LLC","ACO: Mercycare Accountable Care Organization, LLC. Period: 3. Final Share Rate: 75.00%. Final Loss Rate: 0.4. Quality Score: 90.48%."
Mission Health Coordinated Care,ACO: Mission Health Coordinated Care. Period: 1. Final Share Rate: 50.00%. Final Loss Rate: 0.3. Quality Score: 73.32%.
"AdvantagePoint Health Alliance - Great Lakes, LLC","ACO: AdvantagePoint Health Alliance - Great Lakes, LLC. Period: 1. Final Share Rate: 50.00%. Final Loss Rate: 0.3. Quality Score: 79.75%."
"AdvantagePoint Health Alliance - Blue Ridge, LLC","ACO: AdvantagePoint Health Alliance - Blue Ridge, LLC. Period: 1. Final Share Rate: 50.00%. Final Loss Rate: 0.3. Quality Score: 71.92%."
"AdvantagePoint Health Alliance - Laurel Highlands, LLC","ACO: AdvantagePoint Health Alliance - Laurel Highlands, LLC. Period: 1. Final Share Rate: 50.00%. Final Loss Rate: 0.3. Quality Score: 65.76%."
Aledade 48 National MSSP,ACO: Aledade 48 National MSSP. Period: 2. Final Share Rate: 50.00%. Final Loss Rate: 0.3. Quality Score: 79.31%.
UT Health San Antonio Regional Physician Network,ACO: UT Health San Antonio Regional Physician Network. Period: 1. Final Share Rate: 40.00%. Final Loss Rate: nan. Quality Score: 79.10%.
MercyOne ACO V,ACO: MercyOne ACO V. Period: 1. Final Share Rate: 50.00%. Final Loss Rate: 0.3. Quality Score: 87.30%.
Avera Prairie View ACO,ACO: Avera Prairie View ACO. Period: 1. Final Share Rate: 75.00%. Final Loss Rate: 0.4. Quality Score: 88.72%.
"Freedom Healthcare Alliance, LLC","ACO: Freedom Healthcare Alliance, LLC. Period: 3. Final Share Rate: 50.00%. Final Loss Rate: 0.3. Quality Score: 75.83%."
"Essential Health Partners ACO, LLC","ACO: Essential Health Partners ACO, LLC. Period: 4. Final Share Rate: 75.00%. Final Loss Rate: 0.4. Quality Score: 82.95%."
"CALIFORNIA CLINICAL PARTNERS ACO, LLC","ACO: CALIFORNIA CLINICAL PARTNERS ACO, LLC. Period: 1. Final Share Rate: 75.00%. Final Loss Rate: 0.4. Quality Score: 80.40%."
Crozer ACO,ACO: Crozer ACO. Period: 2. Final Share Rate: 75.00%. Final Loss Rate: 0.4299. Quality Score: 76.01%.
"Community Care of Brooklyn IPA, Inc.","ACO: Community Care of Brooklyn IPA, Inc.. Period: 1. Final Share Rate: 40.00%. Final Loss Rate: nan. Quality Score: 72.63%."
University Healthcare Alliance DBA Stanford Medicine Partners,ACO: University Healthcare Alliance DBA Stanford Medicine Partners. Period: 1. Final Share Rate: 50.00%. Final Loss Rate: 0.3. Quality Score: 89.81%.
Aledade 34 GA MSSP Enhanced,ACO: Aledade 34 GA MSSP Enhanced. Period: 2. Final Share Rate: 75.00%. Final Loss Rate: 0.4. Quality Score: 87.40%.
Aledade 43 MS CHC MSSP Enhanced,ACO: Aledade 43 MS CHC MSSP Enhanced. Period: 4. Final Share Rate: 75.00%. Final Loss Rate: 0.4. Quality Score: 80.98%.
"ACMG Health Systems, Inc.","ACO: ACMG Health Systems, Inc.. Period: 3. Final Share Rate: 40.00%. Final Loss Rate: nan. Quality Score: 72.80%."
"CareAllies Accountable Care Collaborative, LLC","ACO: CareAllies Accountable Care Collaborative, LLC. Period: 1. Final Share Rate: 50.00%. Final Loss Rate: 0.3. Quality Score: 79.80%."
Aledade 57 Western Sky MSSP Enhanced,ACO: Aledade 57 Western Sky MSSP Enhanced. Period: 2. Final Share Rate: 75.00%. Final Loss Rate: 0.4. Quality Score: 85.28%.
Aledade 58 AR CHC MSSP Enhanced,ACO: Aledade 58 AR CHC MSSP Enhanced. Period: 3. Final Share Rate: 75.00%. Final Loss Rate: 0.4. Quality Score: 83.96%.
"Five Star ACO, LLC","ACO: Five Star ACO, LLC. Period: 2. Final Share Rate: 75.00%. Final Loss Rate: 0.4. Quality Score: 92.78%."
"Banner Network Colorado, LLC","ACO: Banner Network Colorado, LLC. Period: 1. Final Share Rate: 50.00%. Final Loss Rate: 0.3. Quality Score: 90.22%."
Emory Healthcare Network Advantage,ACO: Emory Healthcare Network Advantage. Period: 1. Final Share Rate: 40.00%. Final Loss Rate: nan. Quality Score: 73.84%.
Aledade 60 CA MSSP Enhanced,ACO: Aledade 60 CA MSSP Enhanced. Period: 2. Final Share Rate: 75.00%. Final Loss Rate: 0.4044. Quality Score: 79.42%.
Aledade 59 AR MSSP Enhanced,ACO: Aledade 59 AR MSSP Enhanced. Period: 2. Final Share Rate: 50.00%. Final Loss Rate: 0.3. Quality Score: 79.35%.
Aledade 61 WA CCCN CHC MSSP Enhanced,ACO: Aledade 61 WA CCCN CHC MSSP Enhanced. Period: 2. Final Share Rate: 75.00%. Final Loss Rate: 0.4. Quality Score: 80.76%.
"Healthier Communities ACO, LLC","ACO: Healthier Communities ACO, LLC. Period: 1. Final Share Rate: 40.00%. Final Loss Rate: nan. Quality Score: 86.63%."
"Advanced Doctors ACO, LLC","ACO: Advanced Doctors ACO, LLC. Period: 2. Final Share Rate: 75.00%. Final Loss Rate: 0.4. Quality Score: 90.57%."
Bluestone ACO,ACO: Bluestone ACO. Period: 1. Final Share Rate: 50.00%. Final Loss Rate: 0.3. Quality Score: 91.45%.
"Piedmont HealthCare Alliance, LLC","ACO: Piedmont HealthCare Alliance, LLC. Period: 2. Final Share Rate: 50.00%. Final Loss Rate: 0.3. Quality Score: 90.72%."
"Genesis Accountable Care Organization, LLC.","ACO: Genesis Accountable Care Organization, LLC.. Period: 3. Final Share Rate: 75.00%. Final Loss Rate: 0.4. Quality Score: 90.91%."
"WellStar Clinical Partners Medicare ACO, LLC","ACO: WellStar Clinical Partners Medicare ACO, LLC. Period: 3. Final Share Rate: 40.00%. Final Loss Rate: nan. Quality Score: 80.38%."
"Shore Quality Partners ACO, LLC","ACO: Shore Quality Partners ACO, LLC. Period: 3. Final Share Rate: 50.00%. Final Loss Rate: 0.3. Quality Score: 81.73%."
"Northwest Community HealthCare PHO, LLC","ACO: Northwest Community HealthCare PHO, LLC. Period: 3. Final Share Rate: 40.00%. Final Loss Rate: nan. Quality Score: 79.33%."
Dignity Health Care Network LLC,ACO: Dignity Health Care Network LLC. Period: 1. Final Share Rate: 40.00%. Final Loss Rate: nan. Quality Score: 80.34%.
"Froedtert & The Medical College of Wisconsin ACO, LLC","ACO: Froedtert & The Medical College of Wisconsin ACO, LLC. Period: 1. Final Share Rate: 50.00%. Final Loss Rate: 0.3. Quality Score: 85.84%."
"Stony Brook ACO, LLC.","ACO: Stony Brook ACO, LLC.. Period: 1. Final Share Rate: 50.00%. Final Loss Rate: 0.3. Quality Score: 82.85%."
"SSM IL ACO, LLC","ACO: SSM IL ACO, LLC. Period: 2. Final Share Rate: 50.00%. Final Loss Rate: 0.3. Quality Score: 81.51%."
Aledade 80 DelMar MSSP Enhanced,ACO: Aledade 80 DelMar MSSP Enhanced. Period: 2. Final Share Rate: 75.00%. Final Loss Rate: 0.4. Quality Score: 87.30%.
"NJPACO R, LLC","ACO: NJPACO R, LLC. Period: 3. Final Share Rate: 75.00%. Final Loss Rate: 0.4. Quality Score: 85.39%."
"Sentara Accountable Care Organization, LLC","ACO: Sentara Accountable Care Organization, LLC. Period: 1. Final Share Rate: 50.00%. Final Loss Rate: 0.3. Quality Score: 86.32%."
"Accountable Care Coalition of Northeast Partners, LLC","ACO: Accountable Care Coalition of Northeast Partners, LLC. Period: 2. Final Share Rate: 50.00%. Final Loss Rate: 0.3. Quality Score: 79.82%."
Empire State Health Partners LLC,ACO: Empire State Health Partners LLC. Period: 2. Final Share Rate: 40.00%. Final Loss Rate: nan. Quality Score: 77.80%.
"WellMed Tampa/Orlando Medicare ACO, LLC","ACO: WellMed Tampa/Orlando Medicare ACO, LLC. Period: 1. Final Share Rate: 40.00%. Final Loss Rate: nan. Quality Score: 72.69%."
"WellMed DFW Medicare ACO, LLC","ACO: WellMed DFW Medicare ACO, LLC. Period: 1. Final Share Rate: 40.00%. Final Loss Rate: nan. Quality Score: 83.15%."
"WellMed Texas Medicare ACO, LLC","ACO: WellMed Texas Medicare ACO, LLC. Period: 1. Final Share Rate: 50.00%. Final Loss Rate: 0.3. Quality Score: 83.79%."
"Edward-Elmhurst Accountable Care, LLC","ACO: Edward-Elmhurst Accountable Care, LLC. Period: 3. Final Share Rate: 40.00%. Final Loss Rate: nan. Quality Score: 82.71%."
Aledade 79 AL MSSP Enhanced,ACO: Aledade 79 AL MSSP Enhanced. Period: 2. Final Share Rate: 75.00%. Final Loss Rate: 0.4. Quality Score: 86.86%.
"WellMed Greater Texas Medicare ACO, LLC","ACO: WellMed Greater Texas Medicare ACO, LLC. Period: 1. Final Share Rate: 50.00%. Final Loss Rate: 0.3. Quality Score: 80.74%."
TUALITY HEALTH PLAN SERVICES,ACO: TUALITY HEALTH PLAN SERVICES. Period: 1. Final Share Rate: 40.00%. Final Loss Rate: nan. Quality Score: 80.98%.
"Wellforce ACO, LLC","ACO: Wellforce ACO, LLC. Period: 3. Final Share Rate: 75.00%. Final Loss Rate: 0.4. Quality Score: 86.77%."
"Accountable Care Organization of the North Country, LLC","ACO: Accountable Care Organization of the North Country, LLC. Period: 3. Final Share Rate: 40.00%. Final Loss Rate: nan. Quality Score: 81.27%."
"Peninsula Regional Clinically Integrated Network, LLC","ACO: Peninsula Regional Clinically Integrated Network, LLC. Period: 2. Final Share Rate: 50.00%. Final Loss Rate: 0.3. Quality Score: 90.26%."
IHCI ACO LLC,ACO: IHCI ACO LLC. Period: 1. Final Share Rate: 75.00%. Final Loss Rate: 0.4. Quality Score: 87.22%.
Deaconess Care Integration LLC,ACO: Deaconess Care Integration LLC. Period: 2. Final Share Rate: 75.00%. Final Loss Rate: 0.4. Quality Score: 95.46%.
"BEST CARE COLLABORATIVE, LLC","ACO: BEST CARE COLLABORATIVE, LLC. Period: 1. Final Share Rate: 75.00%. Final Loss Rate: 0.4. Quality Score: 85.32%."
"UNC Senior Alliance, LLC","ACO: UNC Senior Alliance, LLC. Period: 1. Final Share Rate: 75.00%. Final Loss Rate: 0.4. Quality Score: 92.56%."
"Privia Quality Network Tennessee, LLC","ACO: Privia Quality Network Tennessee, LLC. Period: 1. Final Share Rate: 40.00%. Final Loss Rate: nan. Quality Score: 82.97%."
Imperium Clinical Partners,ACO: Imperium Clinical Partners. Period: 3. Final Share Rate: 50.00%. Final Loss Rate: 0.3. Quality Score: 83.69%.
"Privia Quality Network Central Florida, LLC","ACO: Privia Quality Network Central Florida, LLC. Period: 1. Final Share Rate: 40.00%. Final Loss Rate: nan. Quality Score: 81.65%."
Doctors Connected,ACO: Doctors Connected. Period: 2. Final Share Rate: 75.00%. Final Loss Rate: 0.4. Quality Score: 80.56%.
"New Horizons ACO, LLC","ACO: New Horizons ACO, LLC. Period: 1. Final Share Rate: 50.00%. Final Loss Rate: 0.3. Quality Score: 78.09%."
"Optum Accountable Care, Arizona","ACO: Optum Accountable Care, Arizona. Period: 1. Final Share Rate: 50.00%. Final Loss Rate: 0.3. Quality Score: 78.41%."
"Desert Mountain ACO, LLC.","ACO: Desert Mountain ACO, LLC.. Period: 2. Final Share Rate: 40.00%. Final Loss Rate: nan. Quality Score: 83.17%."
"Torrance Memorial Integrated Physicians, LLC","ACO: Torrance Memorial Integrated Physicians, LLC. Period: 2. Final Share Rate: 75.00%. Final Loss Rate: 0.4. Quality Score: 84.78%."
Appalachian Health Network LLC,ACO: Appalachian Health Network LLC. Period: 1. Final Share Rate: 40.00%. Final Loss Rate: nan. Quality Score: 76.56%.
Caravan Health ACO 43 LLC,ACO: Caravan Health ACO 43 LLC. Period: 1. Final Share Rate: 40.00%. Final Loss Rate: nan. Quality Score: 86.53%.
"Mary Washington Health Alliance, LLC","ACO: Mary Washington Health Alliance, LLC. Period: 2. Final Share Rate: 75.00%. Final Loss Rate: 0.4708. Quality Score: 70.56%."
"Bellin Health Partners, Inc.","ACO: Bellin Health Partners, Inc.. Period: 1. Final Share Rate: 75.00%. Final Loss Rate: 0.4. Quality Score: 95.07%."
"ProHealth Solutions, LLC","ACO: ProHealth Solutions, LLC. Period: 2. Final Share Rate: 75.00%. Final Loss Rate: 0.4. Quality Score: 87.81%."
Prospect ACO Rhode Island,ACO: Prospect ACO Rhode Island. Period: 1. Final Share Rate: 75.00%. Final Loss Rate: 0.4. Quality Score: 81.87%.
"Concord Hospital ACO, LLC","ACO: Concord Hospital ACO, LLC. Period: 1. Final Share Rate: 40.00%. Final Loss Rate: nan. Quality Score: 72.19%."
Privia Quality Network Maryland,ACO: Privia Quality Network Maryland. Period: 1. Final Share Rate: 75.00%. Final Loss Rate: 0.4. Quality Score: 91.18%.
THEDACARE ACO,ACO: THEDACARE ACO. Period: 1. Final Share Rate: 75.00%. Final Loss Rate: 0.4. Quality Score: 96.25%.
Aledade 90 National MSSP Enhanced,ACO: Aledade 90 National MSSP Enhanced. Period: 1. Final Share Rate: 50.00%. Final Loss Rate: 0.3. Quality Score: 80.24%.
OH MSSP,ACO: OH MSSP. Period: 1. Final Share Rate: 50.00%. Final Loss Rate: 0.3. Quality Score: 88.65%.
Aledade 94 VA MSSP Enhanced,ACO: Aledade 94 VA MSSP Enhanced. Period: 1. Final Share Rate: 50.00%. Final Loss Rate: 0.3. Quality Score: 88.13%.
Aledade 98 MO MSSP Enhanced,ACO: Aledade 98 MO MSSP Enhanced. Period: 1. Final Share Rate: 50.00%. Final Loss Rate: 0.3. Quality Score: 85.80%.
Aledade 99 Pacific Northwest MSSP Enhanced,ACO: Aledade 99 Pacific Northwest MSSP Enhanced. Period: 1. Final Share Rate: 50.00%. Final Loss Rate: 0.3. Quality Score: 83.33%.
Aledade 102 NC TN CHC MSSP Enhanced,ACO: Aledade 102 NC TN CHC MSSP Enhanced. Period: 2. Final Share Rate: 50.00%. Final Loss Rate: 0.3. Quality Score: 80.91%.
Aledade 103 Upper Midwest MSSP,ACO: Aledade 103 Upper Midwest MSSP. Period: 2. Final Share Rate: 50.00%. Final Loss Rate: 0.3. Quality Score: 83.07%.
"CHESS Innovation, LLC","ACO: CHESS Innovation, LLC. Period: 1. Final Share Rate: 75.00%. Final Loss Rate: 0.4. Quality Score: 87.52%."
Baptist Health Quality Network LLC,ACO: Baptist Health Quality Network LLC. Period: 2. Final Share Rate: 40.00%. Final Loss Rate: nan. Quality Score: 84.30%.
"AdvantagePoint Health Alliance - Northwest, LLC","ACO: AdvantagePoint Health Alliance - Northwest, LLC. Period: 1. Final Share Rate: 50.00%. Final Loss Rate: 0.3. Quality Score: 67.92%."
"AdvantagePoint Health Alliance - Bluegrass, LLC","ACO: AdvantagePoint Health Alliance - Bluegrass, LLC. Period: 1. Final Share Rate: 40.00%. Final Loss Rate: nan. Quality Score: 65.76%."
PA Clinical Network ACO Inc,ACO: PA Clinical Network ACO Inc. Period: 1. Final Share Rate: 40.00%. Final Loss Rate: nan. Quality Score: 80.92%.
Health Leaders Medicare ACO Network,ACO: Health Leaders Medicare ACO Network. Period: 1. Final Share Rate: 75.00%. Final Loss Rate: 0.4. Quality Score: 85.22%.
Mosaic ACO,ACO: Mosaic ACO. Period: 2. Final Share Rate: 75.00%. Final Loss Rate: 0.4. Quality Score: 83.74%.
"AdvantagePoint Health Alliance - Hot Springs, LLC","ACO: AdvantagePoint Health Alliance - Hot Springs, LLC. Period: 1. Final Share Rate: 40.00%. Final Loss Rate: nan. Quality Score: 65.76%."
"AdvantagePoint Health Alliance - Tennessee Valley, LLC","ACO: AdvantagePoint Health Alliance - Tennessee Valley, LLC. Period: 1. Final Share Rate: 40.00%. Final Loss Rate: nan. Quality Score: 65.76%."
"AdvantagePoint Health Alliance - Western North Carolina, LLC","ACO: AdvantagePoint Health Alliance - Western North Carolina, LLC. Period: 1. Final Share Rate: 40.00%. Final Loss Rate: nan. Quality Score: 65.76%."
"Pioneer Valley Accountable Care, LLC","ACO: Pioneer Valley Accountable Care, LLC. Period: 2. Final Share Rate: 75.00%. Final Loss Rate: 0.4135. Quality Score: 78.20%."
Optum California ACO,ACO: Optum California ACO. Period: 2. Final Share Rate: 75.00%. Final Loss Rate: 0.4502. Quality Score: 73.30%.
Zenith Independent Physicians ACO,ACO: Zenith Independent Physicians ACO. Period: 1. Final Share Rate: 40.00%. Final Loss Rate: nan. Quality Score: 78.12%.
Summit Health ACO,ACO: Summit Health ACO. Period: 1. Final Share Rate: 75.00%. Final Loss Rate: 0.4. Quality Score: 89.50%.
IowaHealth+,ACO: IowaHealth+. Period: 1. Final Share Rate: 40.00%. Final Loss Rate: nan. Quality Score: 74.25%.
GENESIS MEDICAL ACCOUNTABLE CARE ORGANIZATION LLC,ACO: GENESIS MEDICAL ACCOUNTABLE CARE ORGANIZATION LLC. Period: 1. Final Share Rate: 40.00%. Final Loss Rate: nan. Quality Score: 65.76%.
"Tandigm Value Partners, LLC","ACO: Tandigm Value Partners, LLC. Period: 1. Final Share Rate: 75.00%. Final Loss Rate: 0.429. Quality Score: 76.13%."
OptumCare ACO West,ACO: OptumCare ACO West. Period: 1. Final Share Rate: 40.00%. Final Loss Rate: nan. Quality Score: 65.76%.
Kettering Physician Partners Accountable Care LLC,ACO: Kettering Physician Partners Accountable Care LLC. Period: 1. Final Share Rate: 40.00%. Final Loss Rate: nan. Quality Score: 66.60%.
Cascades Healthcare Network ACO,ACO: Cascades Healthcare Network ACO. Period: 1. Final Share Rate: 40.00%. Final Loss Rate: nan. Quality Score: 80.76%.
"ACO Collaborative, LLC","ACO: ACO Collaborative, LLC. Period: 1. Final Share Rate: 40.00%. Final Loss Rate: nan. Quality Score: 82.27%."
River City Medical Group ACO LLC,ACO: River City Medical Group ACO LLC. Period: 1. Final Share Rate: 75.00%. Final Loss Rate: 0.5068. Quality Score: 65.76%.
"Elite Patient Care, LLC","ACO: Elite Patient Care, LLC. Period: 2. Final Share Rate: 75.00%. Final Loss Rate: 0.5068. Quality Score: 65.76%."
UW Medicine Choice Care LLC,ACO: UW Medicine Choice Care LLC. Period: 1. Final Share Rate: 40.00%. Final Loss Rate: nan. Quality Score: 73.96%.
"CareMax Accountable Care Network, LLC","ACO: CareMax Accountable Care Network, LLC. Period: 2. Final Share Rate: 75.00%. Final Loss Rate: 0.5068. Quality Score: 65.76%."
"Atrius Health, Inc.","ACO: Atrius Health, Inc.. Period: 1. Final Share Rate: 50.00%. Final Loss Rate: 0.3. Quality Score: 85.38%."
Gundersen ACO,ACO: Gundersen ACO. Period: 1. Final Share Rate: 50.00%. Final Loss Rate: 0.3. Quality Score: 92.65%.
"PHP Prime, LLC","ACO: PHP Prime, LLC. Period: 3. Final Share Rate: 50.00%. Final Loss Rate: 0.3. Quality Score: 83.81%."
SSM WI ACO LLC,ACO: SSM WI ACO LLC. Period: 1. Final Share Rate: 50.00%. Final Loss Rate: 0.3. Quality Score: 89.85%.
SBL accountable care organization,ACO: SBL accountable care organization. Period: 3. Final Share Rate: 40.00%. Final Loss Rate: nan. Quality Score: 75.59%.
Health Leaders Network of Mississippi LLC,ACO: Health Leaders Network of Mississippi LLC. Period: 2. Final Share Rate: 40.00%. Final Loss Rate: nan. Quality Score: 75.30%.
Caravan Health ACO 50 LLC,ACO: Caravan Health ACO 50 LLC. Period: 2. Final Share Rate: 75.00%. Final Loss Rate: 0.4. Quality Score: 85.12%.
Advantage ACO,ACO: Advantage ACO. Period: 1. Final Share Rate: 40.00%. Final Loss Rate: nan. Quality Score: 70.85%.
"Privia Quality Network Colorado, LLC","ACO: Privia Quality Network Colorado, LLC. Period: 1. Final Share Rate: 40.00%. Final Loss Rate: nan. Quality Score: 74.50%."
"UnityPoint Accountable Care, L.C.","ACO: UnityPoint Accountable Care, L.C.. Period: 2. Final Share Rate: 75.00%. Final Loss Rate: 0.4. Quality Score: 95.70%."
"Physician Partners ACO 1, LLC/Select Physicians Associates ACO","ACO: Physician Partners ACO 1, LLC/Select Physicians Associates ACO. Period: 1. Final Share Rate: 75.00%. Final Loss Rate: 0.4. Quality Score: 85.38%."
Arizona Care Network,ACO: Arizona Care Network. Period: 1. Final Share Rate: 75.00%. Final Loss Rate: 0.4. Quality Score: 84.64%.
"Tryon ACO, LLC","ACO: Tryon ACO, LLC. Period: 1. Final Share Rate: 75.00%. Final Loss Rate: 0.4. Quality Score: 86.60%."
"Banner Network Southern Arizona, LLC","ACO: Banner Network Southern Arizona, LLC. Period: 1. Final Share Rate: 40.00%. Final Loss Rate: nan. Quality Score: 84.77%."
MountainStar Care Partners ACO,ACO: MountainStar Care Partners ACO. Period: 1. Final Share Rate: 50.00%. Final Loss Rate: 0.3. Quality Score: 82.14%.
Premier Health ACO,ACO: Premier Health ACO. Period: 1. Final Share Rate: 40.00%. Final Loss Rate: nan. Quality Score: 73.02%.
ELEHEALTH MEDICARE ACO LLC,ACO: ELEHEALTH MEDICARE ACO LLC. Period: 1. Final Share Rate: 40.00%. Final Loss Rate: nan. Quality Score: 65.76%.
Gather Health,ACO: Gather Health. Period: 1. Final Share Rate: 75.00%. Final Loss Rate: 0.5068. Quality Score: 65.76%.
Aledade 91 CA MSSP Basic E,ACO: Aledade 91 CA MSSP Basic E. Period: 1. Final Share Rate: 50.00%. Final Loss Rate: 0.3. Quality Score: 68.99%.
Montana Health Plus,ACO: Montana Health Plus. Period: 1. Final Share Rate: 40.00%. Final Loss Rate: nan. Quality Score: 72.09%.
"Emergent ACO 23.1, LLC","ACO: Emergent ACO 23.1, LLC. Period: 1. Final Share Rate: 50.00%. Final Loss Rate: 0.3. Quality Score: 94.59%."
Aledade 93 National MSSP Enhanced,ACO: Aledade 93 National MSSP Enhanced. Period: 1. Final Share Rate: 50.00%. Final Loss Rate: 0.3. Quality Score: 85.46%.
"Health Choice Community Partners, LLC","ACO: Health Choice Community Partners, LLC. Period: 1. Final Share Rate: 40.00%. Final Loss Rate: nan. Quality Score: 76.40%."
"Responsive Care Solutions, LLC","ACO: Responsive Care Solutions, LLC. Period: 1. Final Share Rate: 40.00%. Final Loss Rate: nan. Quality Score: 77.32%."
Aledade 101 Regional MSSP,ACO: Aledade 101 Regional MSSP. Period: 1. Final Share Rate: 50.00%. Final Loss Rate: 0.3. Quality Score: 84.79%.
"Sound Physicians Long Term Care Management, LLC","ACO: Sound Physicians Long Term Care Management, LLC. Period: 1. Final Share Rate: 75.00%. Final Loss Rate: 0.5068. Quality Score: 65.76%."
Aledade 143 Valley Health MSSP,ACO: Aledade 143 Valley Health MSSP. Period: 3. Final Share Rate: 50.00%. Final Loss Rate: 0.3. Quality Score: 73.61%.
Aledade 147 Hill Physicians MSSP Basic E,ACO: Aledade 147 Hill Physicians MSSP Basic E. Period: 1. Final Share Rate: 50.00%. Final Loss Rate: 0.3. Quality Score: 70.60%.
Aledade 149 Regional MSSP,ACO: Aledade 149 Regional MSSP. Period: 1. Final Share Rate: 50.00%. Final Loss Rate: 0.3. Quality Score: 82.76%.
"Doylestown Value Partners, LLC","ACO: Doylestown Value Partners, LLC. Period: 3. Final Share Rate: 75.00%. Final Loss Rate: 0.4. Quality Score: 89.43%."
"FACS MEDICARE ACO, LLC","ACO: FACS MEDICARE ACO, LLC. Period: 1. Final Share Rate: 75.00%. Final Loss Rate: 0.4. Quality Score: 83.68%."
"Privia Quality Network Delaware, LLC","ACO: Privia Quality Network Delaware, LLC. Period: 2. Final Share Rate: 75.00%. Final Loss Rate: 0.4. Quality Score: 80.62%."
IntraCare Premier ACO,ACO: IntraCare Premier ACO. Period: 3. Final Share Rate: 75.00%. Final Loss Rate: 0.4. Quality Score: 80.24%.
The Rural Advantage LLC,ACO: The Rural Advantage LLC. Period: 1. Final Share Rate: 40.00%. Final Loss Rate: nan. Quality Score: 76.17%.
MAIN STREET RURAL HEALTH ACO II LLC,ACO: MAIN STREET RURAL HEALTH ACO II LLC. Period: 1. Final Share Rate: 40.00%. Final Loss Rate: nan. Quality Score: 85.67%.
On Belay Health Solutions,ACO: On Belay Health Solutions. Period: 1. Final Share Rate: 75.00%. Final Loss Rate: 0.4104. Quality Score: 78.61%.
"Jefferson Accountable Care, LLC","ACO: Jefferson Accountable Care, LLC. Period: 1. Final Share Rate: 40.00%. Final Loss Rate: nan. Quality Score: 74.26%."
Sutter Medicare Direct,ACO: Sutter Medicare Direct. Period: 1. Final Share Rate: 50.00%. Final Loss Rate: 0.3. Quality Score: 66.99%.
Vytalize Health ACO-V,ACO: Vytalize Health ACO-V. Period: 1. Final Share Rate: 50.00%. Final Loss Rate: 0.3. Quality Score: 77.00%.
Vytalize Health Enhanced ACO LLC,ACO: Vytalize Health Enhanced ACO LLC. Period: 1. Final Share Rate: 75.00%. Final Loss Rate: 0.4382. Quality Score: 74.90%.
Centrus Health LLC,ACO: Centrus Health LLC. Period: 2. Final Share Rate: 75.00%. Final Loss Rate: 0.4. Quality Score: 86.04%.
Centrus Health of Kansas LLC,ACO: Centrus Health of Kansas LLC. Period: 1. Final Share Rate: 40.00%. Final Loss Rate: nan. Quality Score: 75.17%.
"Physician Partners ACO 2, LLC/Select Physicians Associates ACO","ACO: Physician Partners ACO 2, LLC/Select Physicians Associates ACO. Period: 1. Final Share Rate: 75.00%. Final Loss Rate: 0.4. Quality Score: 84.33%."
"Centrus Health of Overland Park, LLC","ACO: Centrus Health of Overland Park, LLC. Period: 2. Final Share Rate: 50.00%. Final Loss Rate: 0.3. Quality Score: 84.80%."
